DROP SCHEMA IF EXISTS SpotifyClone;
CREATE DATABASE IF NOT EXISTS  SpotifyClone;
USE SpotifyClone;

-- MySQL Script generated by MySQL Workbench
-- ter 04 jan 2022 23:06:38
-- Model: New Model    Version: 1.0
-- MySQL Workbench Forward Engineering

SET @OLD_UNIQUE_CHECKS=@@UNIQUE_CHECKS, UNIQUE_CHECKS=0;
SET @OLD_FOREIGN_KEY_CHECKS=@@FOREIGN_KEY_CHECKS, FOREIGN_KEY_CHECKS=0;
SET @OLD_SQL_MODE=@@SQL_MODE, SQL_MODE='ONLY_FULL_GROUP_BY,STRICT_TRANS_TABLES,NO_ZERO_IN_DATE,NO_ZERO_DATE,ERROR_FOR_DIVISION_BY_ZERO,NO_ENGINE_SUBSTITUTION';

-- -----------------------------------------------------
-- Schema mydb
-- -----------------------------------------------------

-- -----------------------------------------------------
-- Table `plano`
-- -----------------------------------------------------
CREATE TABLE IF NOT EXISTS `plano` (
  `plano_id` INT NOT NULL,
  `plano` VARCHAR(45) NOT NULL,
  `valor_plano` DECIMAL(10,2) NOT NULL,
  PRIMARY KEY (`plano_id`),
  UNIQUE INDEX `plano_id_UNIQUE` (`plano_id` ASC) VISIBLE)
ENGINE = InnoDB;


-- -----------------------------------------------------
-- Table `usuario`
-- -----------------------------------------------------
CREATE TABLE IF NOT EXISTS `usuario` (
  `usuario_id` INT NOT NULL AUTO_INCREMENT,
  `usuario` VARCHAR(100) NOT NULL,
  `idade` INT NOT NULL,
  `data_assinatura` DATE NOT NULL,
  `plano_id` INT NOT NULL,
  PRIMARY KEY (`usuario_id`),
  INDEX `plano_id_idx` (`plano_id` ASC) VISIBLE,
  UNIQUE INDEX `usuario_id_UNIQUE` (`usuario_id` ASC) VISIBLE,
  CONSTRAINT `fk_plano_id`
    FOREIGN KEY (`plano_id`)
    REFERENCES `plano` (`plano_id`)
    ON DELETE NO ACTION
    ON UPDATE NO ACTION)
ENGINE = InnoDB;


-- -----------------------------------------------------
-- Table `artista`
-- -----------------------------------------------------
CREATE TABLE IF NOT EXISTS `artista` (
  `artista_id` INT NOT NULL AUTO_INCREMENT,
  `artista` VARCHAR(100) NOT NULL,
  PRIMARY KEY (`artista_id`))
ENGINE = InnoDB;


-- -----------------------------------------------------
-- Table `album`
-- -----------------------------------------------------
CREATE TABLE IF NOT EXISTS `album` (
  `album_id` INT NOT NULL AUTO_INCREMENT,
  `album` VARCHAR(100) NOT NULL,
  `artista_id` INT NOT NULL,
  `ano_lancamento` INT NOT NULL,
  PRIMARY KEY (`album_id`),
  INDEX `fk_artista_id_idx` (`artista_id` ASC) VISIBLE,
  CONSTRAINT `fk_artista_id`
    FOREIGN KEY (`artista_id`)
    REFERENCES `artista` (`artista_id`)
    ON DELETE NO ACTION
    ON UPDATE NO ACTION)
ENGINE = InnoDB;


-- -----------------------------------------------------
-- Table `cancoes`
-- -----------------------------------------------------
CREATE TABLE IF NOT EXISTS `cancoes` (
  `cancoes_id` INT NOT NULL AUTO_INCREMENT,
  `cancoes` VARCHAR(100) NOT NULL,
  `album_id` INT NOT NULL,
  `duracao_segundos` INT NOT NULL,
  PRIMARY KEY (`cancoes_id`),
  INDEX `fk_album_id_idx` (`album_id` ASC) VISIBLE,
  CONSTRAINT `fk_album_id`
    FOREIGN KEY (`album_id`)
    REFERENCES `album` (`album_id`)
    ON DELETE NO ACTION
    ON UPDATE NO ACTION)
ENGINE = InnoDB;


-- -----------------------------------------------------
-- Table `historico_de_reproducoes`
-- -----------------------------------------------------
CREATE TABLE IF NOT EXISTS `historico_de_reproducoes` (
  `usuario_id` INT NOT NULL,
  `cancoes_id` INT NOT NULL,
  `data_reproducao` DATETIME NOT NULL,
  INDEX `fk_usuario_id_idx` (`usuario_id` ASC) VISIBLE,
  INDEX `fk_cancoes_id_idx` (`cancoes_id` ASC) VISIBLE,
  PRIMARY KEY (`usuario_id`, `cancoes_id`, `data_reproducao`),
  CONSTRAINT `fk_usuario_id`
    FOREIGN KEY (`usuario_id`)
    REFERENCES `usuario` (`usuario_id`)
    ON DELETE NO ACTION
    ON UPDATE NO ACTION,
  CONSTRAINT `fk_cancoes_id`
    FOREIGN KEY (`cancoes_id`)
    REFERENCES `cancoes` (`cancoes_id`)
    ON DELETE NO ACTION
    ON UPDATE NO ACTION)
ENGINE = InnoDB;


-- -----------------------------------------------------
-- Table `seguindo_artistas`
-- -----------------------------------------------------
CREATE TABLE IF NOT EXISTS `seguindo_artistas` (
  `usuario_id` INT NOT NULL,
  `artista_id` INT NOT NULL,
  INDEX `fk_artista_id_idx` (`artista_id` ASC) VISIBLE,
  PRIMARY KEY (`usuario_id`, `artista_id`),
  CONSTRAINT `usuario_id_fk`
    FOREIGN KEY (`usuario_id`)
    REFERENCES `usuario` (`usuario_id`)
    ON DELETE NO ACTION
    ON UPDATE NO ACTION,
  CONSTRAINT `artista_id_fk`
    FOREIGN KEY (`artista_id`)
    REFERENCES `artista` (`artista_id`)
    ON DELETE NO ACTION
    ON UPDATE NO ACTION)
ENGINE = InnoDB;


SET SQL_MODE=@OLD_SQL_MODE;
SET FOREIGN_KEY_CHECKS=@OLD_FOREIGN_KEY_CHECKS;
SET UNIQUE_CHECKS=@OLD_UNIQUE_CHECKS;

-- -----------------------------------------------------
-- Data for table `plano`
-- -----------------------------------------------------
START TRANSACTION;
INSERT INTO `plano` (`plano_id`, `plano`, `valor_plano`) VALUES (1, 'gratuito', 0);
INSERT INTO `plano` (`plano_id`, `plano`, `valor_plano`) VALUES (2, 'universitário', 5.99);
INSERT INTO `plano` (`plano_id`, `plano`, `valor_plano`) VALUES (3, 'pessoal', 6.99);
INSERT INTO `plano` (`plano_id`, `plano`, `valor_plano`) VALUES (4, 'familiar', 7.99);

COMMIT;


-- -----------------------------------------------------
-- Data for table `usuario`
-- -----------------------------------------------------
START TRANSACTION;
INSERT INTO `usuario` (`usuario_id`, `usuario`, `idade`, `data_assinatura`, `plano_id`) VALUES (DEFAULT, 'Thati', 23, '2019-10-20', 1);
INSERT INTO `usuario` (`usuario_id`, `usuario`, `idade`, `data_assinatura`, `plano_id`) VALUES (DEFAULT, 'Cintia', 35, '2017-12-30', 4);
INSERT INTO `usuario` (`usuario_id`, `usuario`, `idade`, `data_assinatura`, `plano_id`) VALUES (DEFAULT, 'Bill', 20, '2019-06-05', 2);
INSERT INTO `usuario` (`usuario_id`, `usuario`, `idade`, `data_assinatura`, `plano_id`) VALUES (DEFAULT, 'Roger', 45, '2020-05-13', 3);
INSERT INTO `usuario` (`usuario_id`, `usuario`, `idade`, `data_assinatura`, `plano_id`) VALUES (DEFAULT, 'Norman', 58, '2017-02-17', 3);
INSERT INTO `usuario` (`usuario_id`, `usuario`, `idade`, `data_assinatura`, `plano_id`) VALUES (DEFAULT, 'Patrick', 33, '2017-01-06', 4);
INSERT INTO `usuario` (`usuario_id`, `usuario`, `idade`, `data_assinatura`, `plano_id`) VALUES (DEFAULT, 'Vivian', 26, '2018-01-05', 2);
INSERT INTO `usuario` (`usuario_id`, `usuario`, `idade`, `data_assinatura`, `plano_id`) VALUES (DEFAULT, 'Carol', 19, '2018-02-14', 2);
INSERT INTO `usuario` (`usuario_id`, `usuario`, `idade`, `data_assinatura`, `plano_id`) VALUES (DEFAULT, 'Angelina', 42, '2018-04-29', 4);
INSERT INTO `usuario` (`usuario_id`, `usuario`, `idade`, `data_assinatura`, `plano_id`) VALUES (DEFAULT, 'Paul', 46, '2017-01-17', 4);

COMMIT;


-- -----------------------------------------------------
-- Data for table `artista`
-- -----------------------------------------------------
START TRANSACTION;
INSERT INTO `artista` (`artista_id`, `artista`) VALUES (1, 'Walter Phoenix');
INSERT INTO `artista` (`artista_id`, `artista`) VALUES (DEFAULT, 'Peter Strong');
INSERT INTO `artista` (`artista_id`, `artista`) VALUES (DEFAULT, 'Lance Day');
INSERT INTO `artista` (`artista_id`, `artista`) VALUES (DEFAULT, 'Freedie Shannon');
INSERT INTO `artista` (`artista_id`, `artista`) VALUES (DEFAULT, 'Tyler Isle');
INSERT INTO `artista` (`artista_id`, `artista`) VALUES (DEFAULT, 'Fog');

COMMIT;


-- -----------------------------------------------------
-- Data for table `album`
-- -----------------------------------------------------
START TRANSACTION;
INSERT INTO `album` (`album_id`, `album`, `artista_id`, `ano_lancamento`) VALUES (DEFAULT, 'Envious', 1, 1990);
INSERT INTO `album` (`album_id`, `album`, `artista_id`, `ano_lancamento`) VALUES (DEFAULT, 'Exuberant', 1, 1993);
INSERT INTO `album` (`album_id`, `album`, `artista_id`, `ano_lancamento`) VALUES (DEFAULT, 'Hallowed Steam', 2, 1995);
INSERT INTO `album` (`album_id`, `album`, `artista_id`, `ano_lancamento`) VALUES (DEFAULT, 'Incandescent', 3, 1998);
INSERT INTO `album` (`album_id`, `album`, `artista_id`, `ano_lancamento`) VALUES (DEFAULT, 'Temporary Culture', 4, 2001);
INSERT INTO `album` (`album_id`, `album`, `artista_id`, `ano_lancamento`) VALUES (DEFAULT, 'Library of liberty', 4, 2003);
INSERT INTO `album` (`album_id`, `album`, `artista_id`, `ano_lancamento`) VALUES (DEFAULT, 'Chained Down', 5, 2007);
INSERT INTO `album` (`album_id`, `album`, `artista_id`, `ano_lancamento`) VALUES (DEFAULT, 'Cabinet of fools', 5, 2012);
INSERT INTO `album` (`album_id`, `album`, `artista_id`, `ano_lancamento`) VALUES (DEFAULT, 'No guarantees', 5, 2015);
INSERT INTO `album` (`album_id`, `album`, `artista_id`, `ano_lancamento`) VALUES (DEFAULT, 'Apparatus', 6, 2015);

COMMIT;


-- -----------------------------------------------------
-- Data for table `cancoes`
-- -----------------------------------------------------
START TRANSACTION;
INSERT INTO `cancoes` (`cancoes_id`, `cancoes`, `album_id`, `duracao_segundos`) VALUES (DEFAULT, 'Soul For Us', 1, 200);
INSERT INTO `cancoes` (`cancoes_id`, `cancoes`, `album_id`, `duracao_segundos`) VALUES (DEFAULT, 'Reflections Of Magic', 1, 163);
INSERT INTO `cancoes` (`cancoes_id`, `cancoes`, `album_id`, `duracao_segundos`) VALUES (DEFAULT, 'Dance With Her Own', 1, 116);
INSERT INTO `cancoes` (`cancoes_id`, `cancoes`, `album_id`, `duracao_segundos`) VALUES (DEFAULT, 'Troubles Of My Inner Fire', 2, 203);
INSERT INTO `cancoes` (`cancoes_id`, `cancoes`, `album_id`, `duracao_segundos`) VALUES (DEFAULT, 'Time Fireworks', 2, 152);
INSERT INTO `cancoes` (`cancoes_id`, `cancoes`, `album_id`, `duracao_segundos`) VALUES (DEFAULT, 'Magic Circus', 3, 105);
INSERT INTO `cancoes` (`cancoes_id`, `cancoes`, `album_id`, `duracao_segundos`) VALUES (DEFAULT, 'Honey, So Do I', 3, 207);
INSERT INTO `cancoes` (`cancoes_id`, `cancoes`, `album_id`, `duracao_segundos`) VALUES (DEFAULT, 'Sweetie, Let\'s Go Wild', 3, 139);
INSERT INTO `cancoes` (`cancoes_id`, `cancoes`, `album_id`, `duracao_segundos`) VALUES (DEFAULT, 'She Knows', 3, 244);
INSERT INTO `cancoes` (`cancoes_id`, `cancoes`, `album_id`, `duracao_segundos`) VALUES (DEFAULT, 'Fantasy For Me', 4, 100);
INSERT INTO `cancoes` (`cancoes_id`, `cancoes`, `album_id`, `duracao_segundos`) VALUES (DEFAULT, 'Celebration Of More', 4, 146);
INSERT INTO `cancoes` (`cancoes_id`, `cancoes`, `album_id`, `duracao_segundos`) VALUES (DEFAULT, 'Rock His Everything', 4, 223);
INSERT INTO `cancoes` (`cancoes_id`, `cancoes`, `album_id`, `duracao_segundos`) VALUES (DEFAULT, 'Home Forever', 4, 231);
INSERT INTO `cancoes` (`cancoes_id`, `cancoes`, `album_id`, `duracao_segundos`) VALUES (DEFAULT, 'Diamond Power', 4, 241);
INSERT INTO `cancoes` (`cancoes_id`, `cancoes`, `album_id`, `duracao_segundos`) VALUES (DEFAULT, 'Let\'s Be Silly', 4, 132);
INSERT INTO `cancoes` (`cancoes_id`, `cancoes`, `album_id`, `duracao_segundos`) VALUES (DEFAULT, 'Thang Of Thunder', 5, 240);
INSERT INTO `cancoes` (`cancoes_id`, `cancoes`, `album_id`, `duracao_segundos`) VALUES (DEFAULT, 'Words Of Her Life', 5, 185);
INSERT INTO `cancoes` (`cancoes_id`, `cancoes`, `album_id`, `duracao_segundos`) VALUES (DEFAULT, 'Without My Streets', 5, 176);
INSERT INTO `cancoes` (`cancoes_id`, `cancoes`, `album_id`, `duracao_segundos`) VALUES (DEFAULT, 'Need Of The Evening', 6, 190);
INSERT INTO `cancoes` (`cancoes_id`, `cancoes`, `album_id`, `duracao_segundos`) VALUES (DEFAULT, 'History Of My Roses', 6, 222);
INSERT INTO `cancoes` (`cancoes_id`, `cancoes`, `album_id`, `duracao_segundos`) VALUES (DEFAULT, 'Without My Love', 6, 111);
INSERT INTO `cancoes` (`cancoes_id`, `cancoes`, `album_id`, `duracao_segundos`) VALUES (DEFAULT, 'Walking And Game', 6, 123);
INSERT INTO `cancoes` (`cancoes_id`, `cancoes`, `album_id`, `duracao_segundos`) VALUES (DEFAULT, 'Young And Father', 6, 197);
INSERT INTO `cancoes` (`cancoes_id`, `cancoes`, `album_id`, `duracao_segundos`) VALUES (DEFAULT, 'Finding My Traditions', 7, 179);
INSERT INTO `cancoes` (`cancoes_id`, `cancoes`, `album_id`, `duracao_segundos`) VALUES (DEFAULT, 'Walking And Man', 7, 229);
INSERT INTO `cancoes` (`cancoes_id`, `cancoes`, `album_id`, `duracao_segundos`) VALUES (DEFAULT, 'Hard And Time', 7, 135);
INSERT INTO `cancoes` (`cancoes_id`, `cancoes`, `album_id`, `duracao_segundos`) VALUES (DEFAULT, 'Honey, I\'m A Lone Wolf', 7, 150);
INSERT INTO `cancoes` (`cancoes_id`, `cancoes`, `album_id`, `duracao_segundos`) VALUES (DEFAULT, 'She Thinks I Won\'t Stay Tonight', 8, 166);
INSERT INTO `cancoes` (`cancoes_id`, `cancoes`, `album_id`, `duracao_segundos`) VALUES (DEFAULT, 'He Heard You\'re Bad For Me', 8, 154);
INSERT INTO `cancoes` (`cancoes_id`, `cancoes`, `album_id`, `duracao_segundos`) VALUES (DEFAULT, 'He Hopes We Can\'t Stay', 8, 210);
INSERT INTO `cancoes` (`cancoes_id`, `cancoes`, `album_id`, `duracao_segundos`) VALUES (DEFAULT, 'I Know I Know', 8, 117);
INSERT INTO `cancoes` (`cancoes_id`, `cancoes`, `album_id`, `duracao_segundos`) VALUES (DEFAULT, 'He\'s Walking Away', 9, 159);
INSERT INTO `cancoes` (`cancoes_id`, `cancoes`, `album_id`, `duracao_segundos`) VALUES (DEFAULT, 'He\'s Trouble', 9, 138);
INSERT INTO `cancoes` (`cancoes_id`, `cancoes`, `album_id`, `duracao_segundos`) VALUES (DEFAULT, 'I Heard I Want To Bo Alone', 9, 120);
INSERT INTO `cancoes` (`cancoes_id`, `cancoes`, `album_id`, `duracao_segundos`) VALUES (DEFAULT, 'I Ride Alone', 9, 151);
INSERT INTO `cancoes` (`cancoes_id`, `cancoes`, `album_id`, `duracao_segundos`) VALUES (DEFAULT, 'Honey', 10, 79);
INSERT INTO `cancoes` (`cancoes_id`, `cancoes`, `album_id`, `duracao_segundos`) VALUES (DEFAULT, 'You Cheated On Me', 10, 95);
INSERT INTO `cancoes` (`cancoes_id`, `cancoes`, `album_id`, `duracao_segundos`) VALUES (DEFAULT, 'Wouldn\'t It Be Nice', 10, 213);
INSERT INTO `cancoes` (`cancoes_id`, `cancoes`, `album_id`, `duracao_segundos`) VALUES (DEFAULT, 'Baby', 10, 136);
INSERT INTO `cancoes` (`cancoes_id`, `cancoes`, `album_id`, `duracao_segundos`) VALUES (DEFAULT, 'You Make Me Feel So..', 10, 83);

COMMIT;


-- -----------------------------------------------------
-- Data for table `historico_de_reproducoes`
-- -----------------------------------------------------
START TRANSACTION;
INSERT INTO `historico_de_reproducoes` (`usuario_id`, `cancoes_id`, `data_reproducao`) VALUES (1, 36, '2020-02-28 10:45:55');
INSERT INTO `historico_de_reproducoes` (`usuario_id`, `cancoes_id`, `data_reproducao`) VALUES (1, 25, '2020-05-02 05:30:35');
INSERT INTO `historico_de_reproducoes` (`usuario_id`, `cancoes_id`, `data_reproducao`) VALUES (1, 23, '2020-03-06 11:22:33');
INSERT INTO `historico_de_reproducoes` (`usuario_id`, `cancoes_id`, `data_reproducao`) VALUES (1, 14, '2020-08-05 08:05:17');
INSERT INTO `historico_de_reproducoes` (`usuario_id`, `cancoes_id`, `data_reproducao`) VALUES (1, 15, '2020-09-14 16:32:22');
INSERT INTO `historico_de_reproducoes` (`usuario_id`, `cancoes_id`, `data_reproducao`) VALUES (2, 34, '2020-01-02 07:40:33');
INSERT INTO `historico_de_reproducoes` (`usuario_id`, `cancoes_id`, `data_reproducao`) VALUES (2, 24, '2020-05-16 06:16:22');
INSERT INTO `historico_de_reproducoes` (`usuario_id`, `cancoes_id`, `data_reproducao`) VALUES (2, 21, '2020-10-09 12:27:48');
INSERT INTO `historico_de_reproducoes` (`usuario_id`, `cancoes_id`, `data_reproducao`) VALUES (2, 39, '2020-09-21 13:14:46');
INSERT INTO `historico_de_reproducoes` (`usuario_id`, `cancoes_id`, `data_reproducao`) VALUES (3, 6, '2020-11-13 16:55:13');
INSERT INTO `historico_de_reproducoes` (`usuario_id`, `cancoes_id`, `data_reproducao`) VALUES (3, 3, '2020-12-05 18:38:30');
INSERT INTO `historico_de_reproducoes` (`usuario_id`, `cancoes_id`, `data_reproducao`) VALUES (3, 26, '2020-07-30 10:00:00');
INSERT INTO `historico_de_reproducoes` (`usuario_id`, `cancoes_id`, `data_reproducao`) VALUES (4, 2, '2021-08-15 17:10:10');
INSERT INTO `historico_de_reproducoes` (`usuario_id`, `cancoes_id`, `data_reproducao`) VALUES (4, 35, '2021-07-10 15:20:30');
INSERT INTO `historico_de_reproducoes` (`usuario_id`, `cancoes_id`, `data_reproducao`) VALUES (4, 27, '2021-01-09 01:44:33');
INSERT INTO `historico_de_reproducoes` (`usuario_id`, `cancoes_id`, `data_reproducao`) VALUES (5, 7, '2020-07-03 19:33:28');
INSERT INTO `historico_de_reproducoes` (`usuario_id`, `cancoes_id`, `data_reproducao`) VALUES (5, 12, '2017-02-24 21:14:22');
INSERT INTO `historico_de_reproducoes` (`usuario_id`, `cancoes_id`, `data_reproducao`) VALUES (5, 14, '2020-08-06 15:23:43');
INSERT INTO `historico_de_reproducoes` (`usuario_id`, `cancoes_id`, `data_reproducao`) VALUES (5, 1, '2020-11-10 13:52:27');
INSERT INTO `historico_de_reproducoes` (`usuario_id`, `cancoes_id`, `data_reproducao`) VALUES (6, 38, '2019-02-07 20:33:48');
INSERT INTO `historico_de_reproducoes` (`usuario_id`, `cancoes_id`, `data_reproducao`) VALUES (6, 29, '2017-01-24 00:31:17');
INSERT INTO `historico_de_reproducoes` (`usuario_id`, `cancoes_id`, `data_reproducao`) VALUES (6, 30, '2017-10-12 12:35:20');
INSERT INTO `historico_de_reproducoes` (`usuario_id`, `cancoes_id`, `data_reproducao`) VALUES (6, 22, '2018-05-29 14:56:41');
INSERT INTO `historico_de_reproducoes` (`usuario_id`, `cancoes_id`, `data_reproducao`) VALUES (7, 5, '2018-05-09 22:30:49');
INSERT INTO `historico_de_reproducoes` (`usuario_id`, `cancoes_id`, `data_reproducao`) VALUES (7, 4, '2020-07-27 12:52:58');
INSERT INTO `historico_de_reproducoes` (`usuario_id`, `cancoes_id`, `data_reproducao`) VALUES (7, 11, '2018-01-16 18:40:43');
INSERT INTO `historico_de_reproducoes` (`usuario_id`, `cancoes_id`, `data_reproducao`) VALUES (8, 39, '2018-03-21 16:56:40');
INSERT INTO `historico_de_reproducoes` (`usuario_id`, `cancoes_id`, `data_reproducao`) VALUES (8, 40, '2020-10-18 13:38:05');
INSERT INTO `historico_de_reproducoes` (`usuario_id`, `cancoes_id`, `data_reproducao`) VALUES (8, 32, '2019-05-25 08:14:03');
INSERT INTO `historico_de_reproducoes` (`usuario_id`, `cancoes_id`, `data_reproducao`) VALUES (8, 33, '2021-08-15 21:37:09');
INSERT INTO `historico_de_reproducoes` (`usuario_id`, `cancoes_id`, `data_reproducao`) VALUES (9, 16, '2021-05-24 17:23:45');
INSERT INTO `historico_de_reproducoes` (`usuario_id`, `cancoes_id`, `data_reproducao`) VALUES (9, 17, '2018-12-07 22:48:52');
INSERT INTO `historico_de_reproducoes` (`usuario_id`, `cancoes_id`, `data_reproducao`) VALUES (9, 8, '2021-03-14 06:14:26');
INSERT INTO `historico_de_reproducoes` (`usuario_id`, `cancoes_id`, `data_reproducao`) VALUES (9, 9, '2020-04-01 03:36:00');
INSERT INTO `historico_de_reproducoes` (`usuario_id`, `cancoes_id`, `data_reproducao`) VALUES (10, 20, '2020-04-01 03:36:00');
INSERT INTO `historico_de_reproducoes` (`usuario_id`, `cancoes_id`, `data_reproducao`) VALUES (10, 21, '2020-04-01 03:36:00');
INSERT INTO `historico_de_reproducoes` (`usuario_id`, `cancoes_id`, `data_reproducao`) VALUES (10, 12, '2017-07-27 05:24:49');
INSERT INTO `historico_de_reproducoes` (`usuario_id`, `cancoes_id`, `data_reproducao`) VALUES (10, 13, '2017-12-25 01:03:57');

COMMIT;


-- -----------------------------------------------------
-- Data for table `seguindo_artistas`
-- -----------------------------------------------------
START TRANSACTION;
INSERT INTO `seguindo_artistas` (`usuario_id`, `artista_id`) VALUES (1, 1);
INSERT INTO `seguindo_artistas` (`usuario_id`, `artista_id`) VALUES (1, 4);
INSERT INTO `seguindo_artistas` (`usuario_id`, `artista_id`) VALUES (1, 3);
INSERT INTO `seguindo_artistas` (`usuario_id`, `artista_id`) VALUES (2, 1);
INSERT INTO `seguindo_artistas` (`usuario_id`, `artista_id`) VALUES (2, 3);
INSERT INTO `seguindo_artistas` (`usuario_id`, `artista_id`) VALUES (3, 2);
INSERT INTO `seguindo_artistas` (`usuario_id`, `artista_id`) VALUES (3, 1);
INSERT INTO `seguindo_artistas` (`usuario_id`, `artista_id`) VALUES (4, 4);
INSERT INTO `seguindo_artistas` (`usuario_id`, `artista_id`) VALUES (5, 5);
INSERT INTO `seguindo_artistas` (`usuario_id`, `artista_id`) VALUES (5, 6);
INSERT INTO `seguindo_artistas` (`usuario_id`, `artista_id`) VALUES (6, 6);
INSERT INTO `seguindo_artistas` (`usuario_id`, `artista_id`) VALUES (6, 3);
INSERT INTO `seguindo_artistas` (`usuario_id`, `artista_id`) VALUES (6, 1);
INSERT INTO `seguindo_artistas` (`usuario_id`, `artista_id`) VALUES (7, 2);
INSERT INTO `seguindo_artistas` (`usuario_id`, `artista_id`) VALUES (7, 5);
INSERT INTO `seguindo_artistas` (`usuario_id`, `artista_id`) VALUES (8, 1);
INSERT INTO `seguindo_artistas` (`usuario_id`, `artista_id`) VALUES (8, 5);
INSERT INTO `seguindo_artistas` (`usuario_id`, `artista_id`) VALUES (9, 6);
INSERT INTO `seguindo_artistas` (`usuario_id`, `artista_id`) VALUES (9, 4);
INSERT INTO `seguindo_artistas` (`usuario_id`, `artista_id`) VALUES (9, 3);
INSERT INTO `seguindo_artistas` (`usuario_id`, `artista_id`) VALUES (10, 2);
INSERT INTO `seguindo_artistas` (`usuario_id`, `artista_id`) VALUES (10, 6);

COMMIT;